Name,Term,ES,NES,NOM p-val,FDR q-val,FWER p-val,Tag %,Gene %,Lead_genes
prerank,TNF-alpha Signaling via NF-kB,0.5205449187063725,2.0696881210248477,0.0,0.0,0.0,73/192,17.29%,TSC22D1;MAP3K8;LIF;IL6;DUSP1;PFKFB3;REL;TNFAIP3;PNRC1;EFNA1;PPP1R15A;NFE2L2;PDE4B;TUBB2A;ACKR3;CSF1;GPR183;CCNL1;BMP2;VEGFA;BIRC3;NAMPT;BCL6;TIPARP;CD69;FOSL2;TANK;ZBTB10;SLC2A3;SGK1;MYC;NFKBIA;BCL3;CCL2;NFAT5;TNFAIP8;DUSP5;SOCS3;IFNGR2;TLR2;EIF1;BTG1;ATF3;PLPP3;CD44;SAT1;GCH1;DNAJB4;CXCL2;JAG1;TNIP2;IL1B;KLF6;DENND5A;PTGS2;RHOB;AREG;CEBPD;SERPINE1;GEM;BCL2A1;B4GALT5;IL18;ETS2;EDN1;PER1;BIRC2;NFIL3;JUNB;RNF19B;GADD45A;SPSB1;CXCL3
prerank,mTORC1 Signaling,0.47653687486318697,1.8823010853582967,0.0,0.0,0.0,44/184,11.40%,CANX;RAB1A;HSPA5;ACTR2;UFM1;SC5D;CYP51A1;MTHFD2L;PPP1R15A;PRDX1;CTSC;AK4;IFRD1;STC1;NAMPT;SERPINH1;SSR1;P4HA1;SLC2A3;UBE2D3;PSMG1;PGK1;PSME3;IDH1;PSAT1;PNP;PPIA;ERO1A;COPS5;PSMC2;SRD5A1;MTHFD2;RDH11;CCNG1;SLC1A5;ELOVL5;GMPS;HSPD1;USO1;PSPH;PLOD2;CXCR4;PDK1;HK2
prerank,Unfolded Protein Response,0.5102067451340369,1.8790950418918193,0.0,0.0,0.0,43/107,19.76%,HSPA5;ATF4;PARN;BAG3;TUBB2A;VEGFA;CEBPG;SSR1;XPOT;ATF6;NOP14;CCL2;DNAJC3;PSAT1;HERPUD1;CKS1B;DDX10;ERO1A;MTHFD2;EIF4EBP1;SRPRB;ATF3;EXOC2;POP4;EXOSC9;WIPI1;TTC37;HSPA9;FKBP14;SHC1;CNOT2;HSP90B1;NFYA;EIF2S1;EIF4A2;CALR;PAIP1;EIF4E;DDIT4;CEBPB;EXOSC5;DNAJB9;NABP1
prerank,Hypoxia,0.4511410070982873,1.7975595522425363,0.0,0.0008948965329151467,0.003,63/189,18.10%,HSPA5;IL6;DUSP1;PFKFB3;ANGPTL4;TNFAIP3;PNRC1;EFNA1;PPP1R15A;WSB1;ACKR3;AK4;RBPJ;VEGFA;STC1;PLIN2;DCN;TIPARP;BGN;FOSL2;P4HA1;SLC2A3;UGP2;SRPX;GYS1;PGK1;MIF;CP;SCARB1;PPP1R3C;ERO1A;RRAGD;SIAH2;DTNA;PCK1;CCN2;NOCT;BTG1;ATF3;ERRFI1;TGFBI;CITED2;CXCR4;PDK1;HK2;FBP1;KLF6;MT2A;SERPINE1;FAM162A;MYH9;NAGK;LARGE1;TGM2;CCNG2;NFIL3;ADM;P4HA2;SLC37A4;JMJD6;HK1;GLRX;SULT2B1
prerank,Inflammatory Response,0.4399800933803262,1.7321483721500934,0.0,0.003102307980772509,0.013,55/185,17.33%,LIF;IFNAR1;IL6;SELENOS;IL1R1;OSMR;PDE4B;CD40;CSF1;GPR183;NAMPT;CD69;STAB1;MYC;IFITM1;NFKBIA;HIF1A;CCL2;APLNR;IL18R1;IL10RA;RGS1;CLEC5A;IFNGR2;TIMP1;TLR2;ITGB3;RGS16;HRH1;KCNJ2;CD55;GCH1;LTA;SLC7A2;IRAK2;IL1B;KLF6;FZD5;LY6E;SERPINE1;IL18RAP;IL18;EDN1;MEP1A;MEFV;DCBLD2;LPAR1;SRI;AQP9;EMP3;SGMS2;ADM;MARCO;PDPN;RAF1
prerank,Apoptosis,0.4143041174273535,1.5955240614980195,0.0,0.019488857827929862,0.094,44/153,17.84%,PPP3R1;IL6;SC5D;CTNNB1;TXNIP;DNAJA1;IFNGR1;BMP2;BIRC3;DCN;CASP7;CD69;BGN;EMP1;HGF;LEF1;SATB1;DNAJC3;TGFBR3;ANXA1;DPYD;TIMP1;AVPR1A;IFITM3;ATF3;CD44;CASP3;SAT1;GCH1;BCAP31;IL1B;XIAP;RHOB;CASP9;DFFA;IL18;DNM1L;WEE1;TGFB2;HSPB1;BCL2L11;GADD45A;CDC25B;PEA15
prerank,TGF-beta Signaling,0.48024861346382763,1.5561969825704132,0.012522361359570662,0.025057102921624108,0.134,19/53,20.50%,BMPR1A;CTNNB1;PPP1R15A;BMP2;RAB31;SKIL;UBE2D3;THBS1;IFNGR2;WWTR1;ENG;XIAP;SERPINE1;FNTA;LEFTY2;JUNB;ACVR1;SMURF2;KLF10
prerank,IL-6/JAK/STAT3 Signaling,0.42640104715475174,1.4987946356430022,0.01090909090909091,0.03743650496028364,0.224,20/78,13.18%,MAP3K8;IFNAR1;IL6;IL1R1;OSMR;CSF1;IFNGR1;IL1R2;IL18R1;STAT3;SOCS3;IFNGR2;TLR2;ITGB3;GRB2;CD44;STAM2;IL1B;IL17RB;TNFRSF1A
prerank,Myc Targets V1,0.3833855790426158,1.4868930254722086,0.0,0.03712163395796164,0.248,55/162,19.43%,CANX;VBP1;SNRPG;SET;ACP1;PSMB2;SNRPD2;IFRD1;ABCE1;CTPS1;EIF4G2;XPOT;RSL1D1;CUL1;PSMA2;SRSF3;MYC;GSPT1;PRDX3;TOMM70;PGK1;GLO1;PPIA;COPS5;VDAC1;DDX21;HNRNPU;HNRNPC;XPO1;RAD23B;HSPD1;UBA2;HSP90AB1;CCT2;TCP1;RFC4;SYNCRIP;PSMA4;HNRNPA2B1;CCNA2;EIF2S1;HDDC2;SERBP1;DDX18;SNRPB2;FAM120A;SRPK1;RNPS1;CCT4;PSMD1;CDK2;EIF4E;C1QBP;TRIM28;PPM1G
prerank,Interferon Gamma Response,0.36811030236389486,1.4532742735024216,0.0,0.04760849555108581,0.327,42/187,13.72%,PELI1;IL6;LYSMD2;IFI27;B2M;TNFAIP3;SPPL2A;PDE4B;TXNIP;PSMB2;CD40;IFNAR2;RIPK1;NAMPT;CASP7;CD69;PLSCR1;PSMA2;NFKBIA;HIF1A;CCL2;PNP;IL10RA;STAT3;TOR1B;SOCS3;ST8SIA4;IFITM3;MTHFD2;BTG1;CD86;EPSTI1;CASP3;XAF1;GCH1;CFH;PML;ARID5B;MVP;LY6E;PTGS2;MT2A
prerank,G2-M Checkpoint,0.36432084346554156,1.4495500341081722,0.004942339373970346,0.04469059049224733,0.336,75/186,27.62%,PDS5B;FANCC;CKS2;STMN1;SFPQ;BARD1;RAD21;CDC7;CTCF;CUL1;MYC;GSPT1;BCL3;HIF1A;SMC1A;AMD1;HUS1;MAPK14;CKS1B;TOP1;POLA2;HNRNPU;XPO1;SLC38A1;RAD23B;PRPF4B;PML;SYNCRIP;RPA2;CCNA2;MT2A;NUSAP1;PRIM2;SMC2;HMGB3;E2F1;SS18;POLQ;KIF15;CUL5;WRN;TLE3;FBXO5;CDC25B;HSPA8;DR1;TACC3;MKI67;CASP8AP2;LBR;CDK1;SRSF10;UBE2C;NOLC1;TROAP;RBL1;MYBL2;KIF5B;NUP98;BIRC5;TRA2B;CHEK1;SAP30;ESPL1;CCNT1;NDC80;ODC1;KNL1;ORC6;MEIS1;NASP;E2F4;SLC7A1;CDC27;EGF
prerank,p53 Pathway,0.34729684860569116,1.3730781016607483,0.00975609756097561,0.08093841975476994,0.564,31/186,9.72%,TSC22D1;ALOX15B;LIF;LDHB;RALGDS;CCP110;HINT1;SESN1;PPP1R15A;PLK3;TXNIP;BMP2;TM4SF1;DNTTIP2;TPD52L1;WWP1;MDM2;HSPA4L;CDH13;COQ8A;PPM1D;XPC;TCN2;ERCC5;SEC61A1;CCNG1;STEAP3;BTG1;ATF3;RGS16;ZBTB16
prerank,Apical Junction,-0.32892140298055056,-1.3536021708413035,0.01411764705882353,0.4732181739004209,0.468,51/182,16.91%,CERCAM;CD276;GAMT;TMEM8B;SORBS3;SDC3;MADCAM1;COL9A1;PBX2;NRXN2;FSCN1;CX3CL1;JUP;GNAI2;NEGR1;SIRPA;CALB2;CTNNA1;SYK;HRAS;JAM3;ITGB4;PTK2;NLGN3;BAIAP2;NECTIN3;LDLRAP1;VCL;ACTN4;VCAN;IKBKG;RHOF;EGFR;CNN2;NEXN;EPB41L2;ADAM23;NLGN2;ADAMTS5;CADM3;AKT3;CDH1;THY1;CTNND1;CLDN7;ATP1A3;CADM2;STX4;CD99;CLDN11;GTF2F1
prerank,DNA Repair,-0.3349204575815128,-1.3198093163226978,0.02857142857142857,0.3284221222238351,0.582,38/144,16.00%,ZNF707;AK1;POLR2E;GPX4;NUDT21;GUK1;BRF2;POLR2G;SAC3D1;USP11;NCBP2;DDB1;TAF9;ADRM1;CSTF3;NELFCD;AAAS;SNAPC5;ITPA;POLR2F;POLR2I;TYMS;TAF1C;POLR1D;POLR2A;NME3;NME4;VPS28;POLR3GL;SSRP1;TMED2;NT5C;RBX1;ERCC1;POLL;MPG;POLE4;MPC2
prerank,Reactive Oxygen Species Pathway,0.4034847697832843,1.3031629912139175,0.10452961672473868,0.1413477600707001,0.79,8/48,4.68%,PDLIM1;SELENOS;MGST1;GCLM;PRDX1;NDUFA6;PRDX6;SBNO2
prerank,IL-2/STAT5 Signaling,0.32640733346303896,1.2856882159778662,0.03870967741935484,0.15366651893771519,0.825,36/189,12.83%,SNX14;MAP3K8;LIF;GSTO1;CSF1;IFNGR1;BMP2;CISH;PLIN2;SOCS2;P4HA1;PLSCR1;EMP1;SLC2A3;MYC;IL1R2;PNP;IL18R1;IL10RA;RRAGD;IFITM3;SNX9;IKZF2;PLPP1;SLC1A5;TTC39B;CD86;CD44;RGS16;CASP3;PHTF2;SPRED2;HK2;SPP1;KLF6;DENND5A
prerank,Complement,0.3243545374078735,1.2798788966521104,0.04715447154471545,0.14978579302037523,0.841,45/180,17.58%,HSPA5;IL6;HSPA1A;CD46;TNFAIP3;CTSC;LAMP2;GMFB;CASP7;S100A12;PLSCR1;FYN;CASP10;DGKG;CDH13;DOCK9;PHEX;CP;USP15;DUSP5;FCER1G;ADAM9;TIMP1;DPP4;CR1;GRB2;CASP3;ZEB1;CD55;GCA;CALM1;CFH;VCPIP1;CD40LG;CASP9;SERPINE1;ZFPM2;USP14;C1QA;S100A9;DGKH;CTSH;RAF1;CPQ;SERPING1
prerank,PI3K/AKT/mTOR  Signaling,0.34998746477140125,1.2773658558057261,0.07312614259597806,0.14288514642211844,0.844,32/100,20.60%,ACTR2;PLCG1;RIPK1;PTEN;ADCY2;UBE2D3;ARF1;PPP2R1B;CAB39;PIKFYVE;RPTOR;GRB2;CAB39L;CXCR4;PDK1;PRKAR2A;TNFRSF1A;HSP90B1;MAPKAP1;E2F1;ATF1;CALR;FGF17;RAF1;MKNK2;TBK1;CDK2;EIF4E;MAPK8;IRAK4;CDK1;GNGT1
prerank,Androgen Response,0.3486404794384872,1.2605703878145136,0.10619469026548672,0.15855460924355422,0.893,28/95,16.95%,TSC22D1;APPBP2;CDC14B;B2M;ADAMTS1;PIAS1;MYL12A;SLC26A2;ZBTB10;SGK1;SLC38A2;TNFAIP8;UAP1;PLPP1;ELOVL5;NGLY1;SAT1;SELENOP;GPD1L;ARID5B;SEC24D;ACTN1;ZMIZ1;STEAP4;FKBP5;ELK4;ELL2;ALDH1A3
prerank,Epithelial Mesenchymal Transition,0.3174455523217916,1.258230092708565,0.04983388704318937,0.15279529691625285,0.895,45/195,16.26%,FBLN1;IL6;ADAM12;TNFAIP3;NNMT;FERMT2;TNFRSF11B;VEGFA;DCN;EDIL3;SERPINH1;BGN;MFAP5;BMP1;THBS1;FSTL1;TGFBR3;PPIB;FGF2;TIMP1;COPA;ITGB3;CCN2;TGFBI;CD44;OXTR;WNT5A;SNAI2;SAT1;PLOD2;FMOD;LAMA2;SPP1;PCOLCE;RHOB;AREG;SERPINE1;GEM;SFRP4;DST;TGM2;LOXL1;MEST;EMP3;CALD1
prerank,Wnt-beta Catenin Signaling,0.4014192509971934,1.2421178635932428,0.15913200723327306,0.16453536254299542,0.921,11/39,14.60%,CTNNB1;RBPJ;KAT2A;CUL1;NUMB;MYC;LEF1;MAML1;JAG1;AXIN1;DLL1
prerank,Protein Secretion,0.3482791893495151,1.24113335262825,0.0972972972972973,0.15744213002420482,0.921,29/89,19.78%,ADAM10;AP2B1;CTSC;LAMP2;VAMP4;CLN5;AP1G1;RAB5A;VPS45;ARF1;RAB2A;STX16;ARFGAP3;RAB22A;USO1;TMED10;ARFIP1;SCAMP1;SEC24D;VAMP7;AP2S1;DST;DNM1L;SNX2;STAM;RER1;AP3B1;ABCA1;ATP1A1
prerank,Oxidative Phosphorylation,0.3082735655596885,1.2187108746553512,0.08210180623973727,0.18057023375265627,0.945,41/185,12.93%,ATP5PB;LDHB;PDK4;BDH2;ETFA;NDUFA6;SDHB;ATP6V1C1;UQCRQ;COX7B;SLC25A12;CASP7;MTRF1;PRDX3;NDUFB2;TOMM70;IDH1;ATP6V0E1;PDHX;NDUFB1;VDAC1;ATP6AP1;MGST3;SLC25A11;TIMM9;NQO2;ATP5F1B;MTX2;ALAS1;ATP6V1G1;ACADVL;ATP5F1A;UQCRC2;ACAA2;COX6C;SURF1;COX6A1;COX6B1;SLC25A20;ATP6V1E1;HSPA9
prerank,UV Response Up,0.3172898715794432,1.2083822712645125,0.10535117056856187,0.18532493654370039,0.961,29/141,13.67%,DNAJB1;IL6;HYAL2;DNAJA1;BMP2;ATP6V1C1;CEBPG;NUP58;NTRK3;MAOA;NFKBIA;POLG2;EIF5;AMD1;DDX21;CREG1;HNRNPU;BTG1;ATF3;ALAS1;POLR2H;CASP3;SLC6A12;GCH1;RAB27A;CXCL2;RFC4;RHOB;AP2S1
prerank,Myogenesis,-0.2847247666381063,-1.1721618653616566,0.08229426433915212,0.7180529346300866,0.927,47/179,19.60%,AK1;GABARAPL2;SORBS3;NOTCH1;GNAO1;AGRN;CKB;DMPK;COL3A1;PGAM2;HBEGF;MYL3;BAG1;SCD;ITGB5;SPTAN1;ITGB4;TNNI2;SOD3;PLXNB2;PYGM;LSP1;SSPN;ERBB3;SIRT2;PDLIM7;GAA;HSPB8;BIN1;ACHE;HRC;PFKM;SPARC;PC;FDPS;CACNA1H;PRNP;PVALB;EPHB3;MEF2C;EFS;TNNC1;TPM2;MYLK;KLF5;KIFC3;KCNH2
prerank,Allograft Rejection,0.29668546870020335,1.1603723637502539,0.14401294498381878,0.2581971040184745,0.984,29/161,14.11%,LIF;IL6;B2M;CD40;CSF1;IFNGR1;IFNAR2;ABCE1;TLR6;FGR;STAB1;BCL3;HIF1A;DYRK3;CCL2;IFNGR2;TIMP1;IFNG;ST8SIA4;TLR2;CD86;DEGS1;CD47;IL1B;SRGN;CD40LG;PTPRC;FCGR2B;IL18RAP
prerank,KRAS Signaling Up,0.28909069677400784,1.142889232680798,0.1616871704745167,0.27990374890623754,0.99,38/189,15.60%,SERPINA3;LIF;ANGPTL4;TNFAIP3;PPP1R15A;BMP2;GNG11;PECAM1;BIRC3;LY96;EMP1;USH1C;SATB1;MALL;TLR8;IL10RA;ERO1A;FCER1G;ALDH1A2;TNNT2;TRIB2;PTCD2;RGS16;CAB39L;CXCR4;ENG;PTBP2;CFH;SPP1;IL1B;CBR4;PTGS2;GPNMB;EVI5;TPH1;CCSER2;DCBLD2;TSPAN1
prerank,Fatty Acid Metabolism,-0.2851710801065225,-1.1416674328890646,0.15201900237529692,0.6742633183335753,0.961,19/138,8.62%,ACO2;ALAD;ACAA1;GSTZ1;RDH16;SDHA;LTC4S;FASN;ECH1;ERP29;GPD1;ACOX1;GPD2;HSD17B11;UROD;KMT5A;ALDH3A1;GRHPR;ACADL
prerank,UV Response Dn,0.29415833259586815,1.1208435929216634,0.22184300341296928,0.311423993454471,0.995,26/141,15.53%,RND3;BMPR1A;DUSP1;CDK13;PTEN;PHF3;GRK5;FYN;MYC;MAPK14;NIPBL;TGFBR3;ITGB3;NEK7;RBPMS;PLPP3;CITED2;FHL2;SNAI2;MIOS;ZMIZ1;CELF2;SERPINE1;DLC1;LPAR1;SRI
prerank,Coagulation,0.2937132603839789,1.0887506351747671,0.28403361344537814,0.368467910911575,0.998,35/113,23.51%,LAMP2;PECAM1;APOC2;FYN;GNG12;BMP1;THBS1;ANXA1;THBD;ADAM9;TIMP1;ITGB3;DPP4;CFH;MST1;CASP9;SERPINE1;VWF;C1QA;MEP1A;LEFTY2;PF4;CTSH;ACOX2;CPQ;SERPING1;ARF4;PROS1;CTSB;SERPINA1;F3;ITGA2;MMP7;DUSP6;SH2B2
prerank,E2F Targets,0.27058302584636806,1.0795628935787003,0.271356783919598,0.37603331350987573,0.998,52/186,23.78%,CCP110;PDS5B;CKS2;STMN1;BARD1;RAD21;CTPS1;DNMT1;CTCF;MYC;GSPT1;SMC1A;HUS1;PPM1D;TIPIN;CKS1B;POLA2;LYAR;MTHFD2;EXOSC8;SMC6;RAD50;XPO1;ATAD2;PAICS;SMC3;MRE11;TK1;SYNCRIP;RPA2;EIF2S1;PRIM2;MSH2;WEE1;HMGB3;RPA3;RFC2;CDC25B;TACC3;MKI67;DLGAP5;LBR;CDK1;PSIP1;NOLC1;DEPDC1;NBN;MYBL2;NUP205;BIRC5;TRA2B;CHEK1
prerank,Cholesterol Homeostasis,0.3154856027590957,1.0711041993373238,0.3345323741007194,0.38105546653939243,1.0,13/71,12.21%,FABP5;SC5D;CYP51A1;CTNNB1;PNRC1;PLSCR1;S100A11;TP53INP1;AVPR1A;ATF3;ERRFI1;ATXN2;JAG1
prerank,Angiogenesis,0.3637904639945463,1.0559260485814221,0.3618181818181818,0.4020245527868459,1.0,8/34,12.22%,VEGFA;STC1;FSTL1;SERPINA5;THBD;TIMP1;JAG1;SPP1
prerank,Adipogenesis,0.264812764433866,1.045140763872462,0.34615384615384615,0.4137603836407232,1.0,56/191,21.99%,ATP1B3;PFKFB3;OMD;ANGPTL4;CD302;SDHB;IFNGR1;UQCRQ;COX7B;PLIN2;BCL6;PPP1R15B;RIOK3;TANK;PRDX3;DBT;UBC;IDH1;ITSN1;SCARB1;ARAF;HADH;FZD4;MGST3;SLC1A5;RTN3;MAP4K3;ENPP2;ACAA2;DRAM2;COX6A1;CMPK1;ADIPOQ;TOB1;ADIPOR2;RNF11;CCNG2;PHYH;UBQLN1;GADD45A;GPHN;ANGPT1;DHCR7;APLP2;ABCA1;DNAJB9;NABP1;COQ3;ATL2;STAT5A;HIBCH;SLC66A3;GRPEL1;SPARCL1;GBE1;DNAJC15
prerank,Hedgehog Signaling,-0.3387921757928963,-1.0423282608287623,0.38392857142857145,1.0,0.999,9/35,14.54%,SCG2;HEY2;RTN1;NRCAM;VLDLR;GLI1;THY1;ACHE;SLIT1
prerank,Xenobiotic Metabolism,-0.2549879699641856,-1.029377687164768,0.36658354114713215,0.949702424154449,0.999,37/170,15.70%,ACO2;DDAH2;HES6;PMM1;PSMB10;COMT;CSAD;ECH1;PDLIM5;MCCC2;ACOX1;GAD1;JUP;CNDP2;MPP2;ENTPD5;PEMT;GSR;ALDH3A1;BLVRB;DHRS1;CYB5A;IRF8;PTGDS;LCAT;GCNT2;ESR1;GSS;DCXR;TMEM97;AP4B1;ALDH9A1;SMOX;PTGES;APOE;PC;SPINT2
prerank,Glycolysis,0.25848300736314767,1.0266952817133732,0.3783783783783784,0.4429064259894449,1.0,29/183,11.40%,HSPA5;ANGPTL4;STMN1;AK4;VEGFA;STC1;DCN;P4HA1;UGP2;GYS1;PGK1;IDH1;MIF;HOMER1;PMM2;PPIA;ERO1A;RRAGD;GMPPA;SRD5A3;B4GALT4;TGFBI;CD44;TPST1;CITED2;PLOD2;CXCR4;MPI;HK2
prerank,Mitotic Spindle,-0.24551656176385245,-1.0064488014186195,0.44274809160305345,0.9294320137693631,1.0,42/195,16.84%,PPP4R2;ABR;EZR;MARCKS;CD2AP;PDLIM5;TUBGCP3;FSCN1;CDC42EP1;PRC1;SAC3D1;NUMA1;CYTH2;MAPRE1;LLGL1;CKAP5;CSNK1D;SPTAN1;CEP250;FGD4;NIN;CDC42EP2;TIAM1;VCL;ACTN4;MAP3K11;RHOF;EPB41L2;CDC42EP4;RFC1;MARK4;DYNLL2;STAU1;BIN1;ARHGDIA;CTTN;MYO1E;RANBP9;TUBA4A;BCAR1;ARHGAP27;MAP1S
prerank,Estrogen Response Late,0.2558185070780476,1.0009137353145172,0.45757071547420963,0.489433828793509,1.0,45/185,19.89%,SERPINA3;FABP5;EMP2;CISH;RAB31;SLC26A2;TPD52L1;PGR;SGK1;NXT1;HSPA4L;ALDH3A2;SERPINA5;SCARB1;SIAH2;GPER1;ELOVL5;CD44;AFF1;COX6C;TFAP2C;ABCA3;IL17RB;AREG;TOB1;ASS1;LARGE1;DYNLT3;MEST;S100A9;FKBP5;ST14;PLAAT3;DNAJC1;SLC22A5;ACOX2;SULT2B1;DHCR7;PAPSS2;IMPA2;CPE;TSTA3;CHPT1;MOCS2;CYP26B1
prerank,Estrogen Response Early,-0.23071191193020157,-0.9465775950701449,0.6075,1.0,1.0,39/187,15.79%,TGIF2;HR;SEMA3B;OLFM1;FASN;CCND1;TUBB2B;TFF3;ABAT;SLC9A3R1;CALB2;RET;BAG1;PDLIM3;ITPK1;IGF1R;CLIC3;SLC1A4;BLVRB;SYT12;WFS1;TIAM1;P2RY2;ANXA9;KRT8;SYNGR1;AKAP1;BCL11B;GFRA1;ADCY1;HSPB8;ABHD2;ENDOD1;CLDN7;MPPED2;ALDH3B1;PTGES;DHRS2;ELF3
prerank,Pperoxisome,-0.25095621164837756,-0.9390994763835563,0.5896805896805897,1.0,1.0,19/94,15.65%,ACAA1;RXRG;SLC23A2;ECH1;CLN6;FIS1;ACOX1;HSD17B11;HRAS;CRABP2;NUDT19;SOD1;SLC35B2;ABCD1;ALDH9A1;ERCC1;TSPO;CNBP;FDPS
prerank,KRAS Signaling Dn,-0.22496921305328768,-0.8966113184874401,0.7416879795396419,1.0,1.0,17/141,11.37%,GAMT;FGFR3;SNN;COPZ2;EFHD1;SNCB;ARHGDIG;SOX10;PTPRJ;MX1;CCDC106;CLSTN3;STAG3;NTF3;CPB1;KCNQ2;SLC29A3
prerank,heme Metabolism,0.22743633477868017,0.8930220251819465,0.7586206896551724,0.7578236942775176,1.0,21/170,9.68%,PICALM;SDCBP;GCLM;MARK3;AGPAT4;ARHGEF12;LAMP2;SLC6A9;RIOK3;SLC25A37;CCDC28A;USP15;YPEL5;TOP1;MBOAT2;TMEM9B;MGST3;TNS1;NEK7;MINPP1;GMPS
prerank,Apical Surface,-0.285710744490413,-0.8904182757224212,0.6523605150214592,1.0,1.0,5/38,7.21%,TMEM8B;CX3CL1;GATA3;CROCC;MAL
prerank,Notch Signaling,-0.2850752321461627,-0.8618825020699831,0.6879271070615034,1.0,1.0,8/31,16.72%,NOTCH1;CCND1;PRKCA;APH1A;PSENEN;RBX1;DTX4;NOTCH3
prerank,Interferon Alpha Response,0.23636247505365177,0.8523989521692324,0.7842465753424658,0.8359035497061129,1.0,13/93,12.95%,IFI27;B2M;TXNIP;CSF1;PLSCR1;IFITM1;IFITM3;ELF1;EPSTI1;LPAR6;CD47;TRIM5;LY6E
prerank,Bile Acid Metabolism,0.2312032193293743,0.833039147990044,0.8211243611584327,0.8509869430334436,1.0,20/96,19.68%,SULT1B1;GCLM;ACSL1;ACSL5;PEX11A;IDH1;PEX1;ABCA6;MLYCD;ABCA9;PEX19;ABCA3;ABCD3;CH25H;PHYH;AQP9;PEX13;SULT2B1;BMP6;ABCA1
prerank,Spermatogenesis,-0.21410664547742125,-0.8095525535865896,0.9037037037037037,1.0,1.0,7/99,6.65%,PEBP1;PCSK1N;GAD1;MLLT10;PCSK4;STRBP;JAM3
prerank,Myc Targets V2,-0.20610137100352224,-0.7056308766844238,0.9655963302752294,1.0,1.0,12/57,19.37%,PA2G4;UTP20;PHB;MRTO4;DCTPP1;AIMP2;RABEPK;TMEM97;TBRG4;FARSA;LAS1L;SORD
prerank,Pancreas Beta Cells,-0.19406162705449853,-0.5653999081631698,0.9910514541387024,0.9989355010403058,1.0,13/28,32.45%,PCSK2;SST;AKT3;MAFB;PCSK1;NKX2-2;ELP4;CHGA;LMO2;SEC11A;NEUROD1;SYT13;DCX
